{"promot": 1.0, "sign": 0.6989700043360189, "last": 0.6989700043360189, "london": 0.6989700043360189, "cancel": 1.0, "film": 0.6989700043360189, "crowd": 1.0, "brave": 1.0, "marc": 1.0, "ballroom": 1.0, "present": 0.5228787452803376, "chariti": 1.0, "grammi": 1.0, "proud": 1.0, "husband": 1.0, "wife": 1.0, "sunday": 1.0, "held": 0.6989700043360189, "see": 0.3979400086720376, "love": 1.0, "advic": 1.0, "carpet": 1.0, "gere": 1.0, "disappoint": 1.0, "singer": 0.6989700043360189, "movi": 1.0, "autograph": 1.0, "costar": 1.0, "leicest": 1.0, "attend": 1.0, "strictli": 1.0, "say": 0.3010299956639812, "actress": 1.0, "forward": 1.0, "dobson": 1.0, "new": 0.3979400086720376, "european": 0.6989700043360189, "honor": 1.0, "shame": 0.6989700043360189, "lowel": 1.0, "drop": 1.0, "accompani": 1.0, "fiftyf": 0.6989700043360189, "weather": 1.0, "ve": 1.0, "issu": 0.5228787452803376, "anita": 1.0, "come": 0.5228787452803376, "dali": 1.0, "aid": 0.6989700043360189, "danc": 1.0, "squar": 0.5228787452803376, "know": 0.3979400086720376, "heard": 0.6989700043360189, "fli": 1.0, "shall": 1.0, "sing": 1.0, "blackman": 1.0, "appear": 1.0, "cast": 1.0, "chelsom": 1.0, "tsunami": 1.0, "tour": 1.0, "jennif": 1.0, "well": 0.3010299956639812, "ill": 1.0, "red": 0.6989700043360189, "event": 0.6989700043360189, "carey": 1.0, "look": 1.0, "star": 0.6989700043360189, "lopez": 1.0, "honour": 0.6989700043360189, "travel": 1.0, "statement": 1.0, "waltz": 1.0, "want": 0.3979400086720376, "involv": 0.6989700043360189, "turn": 1.0, "boast": 1.0, "director": 0.5228787452803376, "crew": 1.0, "theme": 1.0, "greet": 1.0, "te": 1.0, "album": 1.0, "appeal": 1.0, "award": 0.6989700043360189, "peter": 1.0, "bring": 0.6989700043360189, "anthoni": 1.0, "thousand": 0.22184874961635637, "apologis": 1.0, "cold": 1.0, "night": 1.0, "dancer": 1.0, "also": 0.3979400086720376, "third": 0.6989700043360189, "minut": 0.5228787452803376, "much": 0.5228787452803376, "doctor": 0.5228787452803376, "visit": 1.0, "unfortun": 1.0, "thank": 0.6989700043360189, "absenc": 1.0, "duet": 1.0, "richard": 1.0, "gland": 1.0, "premier": 1.0, "uk": 0.6989700043360189, "miss": 0.6989700043360189, "includ": 0.3979400086720376, "true": 1.0, "labour": 1.0, "everyon": 0.6989700043360189, "unabl": 1.0, "swollen": 1.0, "promis": 1.0, "believ": 1.0, "put": 0.6989700043360189, "keep": 0.6989700043360189, "secretari": 1.0, "add": 0.6989700043360189, "mean": 1.0, "told": 1.0, "underhand": 1.0, "discu": 0.6989700043360189, "strong": 1.0, "govern": 1.0, "run": 1.0, "u": 0.3979400086720376, "pressur": 0.6989700043360189, "law": 1.0, "25state": 1.0, "lobbi": 1.0, "grip": 1.0, "ahead": 1.0, "eu": 1.0, "prime": 1.0, "welcom": 1.0, "ignor": 1.0, "jack": 1.0, "cabinet": 1.0, "six": 0.5228787452803376, "tri": 0.5228787452803376, "win": 1.0, "obrien": 1.0, "enlarg": 1.0, "back": 0.6989700043360189, "four": 0.3979400086720376, "claim": 1.0, "side": 0.5228787452803376, "influenti": 1.0, "proconstitut": 1.0, "financi": 1.0, "time": 0.3979400086720376, "reject": 1.0, "today": 0.6989700043360189, "expect": 0.5228787452803376, "neil": 1.0, "first": 0.5228787452803376, "reflect": 1.0, "abroad": 1.0, "elect": 1.0, "shadow": 1.0, "question": 0.5228787452803376, "mep": 1.0, "paper": 0.6989700043360189, "courag": 1.0, "enjoin": 1.0, "treati": 1.0, "treat": 0.6989700043360189, "separ": 0.6989700043360189, "becom": 0.3979400086720376, "busi": 0.5228787452803376, "independ": 1.0, "argument": 1.0, "ensur": 1.0, "role": 0.6989700043360189, "crucial": 1.0, "group": 1.0, "leader": 1.0, "british": 1.0, "seem": 0.6989700043360189, "interview": 1.0, "unpopular": 1.0, "straw": 1.0, "incorpor": 1.0, "union": 1.0, "advoc": 1.0, "leav": 1.0, "prosper": 0.6989700043360189, "michael": 0.6989700043360189, "effect": 1.0, "ratif": 1.0, "programm": 0.6989700043360189, "luca": 1.0, "neutral": 1.0, "isol": 1.0, "definit": 1.0, "ye": 1.0, "date": 1.0, "scar": 1.0, "ask": 0.6989700043360189, "step": 1.0, "toward": 1.0, "secur": 0.6989700043360189, "novemb": 1.0, "spring": 1.0, "make": 0.3979400086720376, "member": 1.0, "trick": 1.0, "straightforward": 1.0, "unit": 0.6989700043360189, "kingdom": 1.0, "bill": 1.0, "anticonstitut": 1.0, "chanc": 0.6989700043360189, "debat": 1.0, "home": 0.6989700043360189, "conserv": 1.0, "countri": 0.6989700043360189, "balanc": 0.6989700043360189, "poll": 1.0, "pin": 1.0, "flaw": 1.0, "democrat": 1.0, "vision": 1.0, "constitut": 1.0, "patriot": 1.0, "kennedi": 1.0, "foreign": 1.0, "confus": 1.0, "oper": 0.6989700043360189, "minist": 1.0, "give": 0.3979400086720376, "stood": 1.0, "liber": 1.0, "accus": 1.0, "realiti": 1.0, "nt": 0.6989700043360189, "alreadi": 0.6989700043360189, "ancram": 1.0, "cheap": 1.0, "along": 0.5228787452803376, "weak": 1.0, "account": 1.0, "referendum": 1.0, "despit": 0.6989700043360189, "year": 0.3979400086720376, "bbc": 1.0, "two": 0.15490195998574316, "radio": 1.0, "half": 1.0, "establish": 1.0, "enabl": 1.0, "charl": 1.0, "blair": 1.0, "sooner": 1.0, "get": 0.3979400086720376, "fairli": 1.0, "word": 1.0, "extrem": 1.0, "approv": 0.6989700043360189, "gestur": 1.0, "opposit": 1.0, "plan": 0.6989700043360189, "critic": 1.0, "toni": 1.0, "could": 0.6989700043360189, "europ": 1.0, "sustain": 1.0, "less": 1.0, "clear": 1.0, "vote": 1.0, "document": 1.0, "carolin": 1.0, "feder": 1.0, "lead": 0.6989700043360189, "parti": 1.0, "unveil": 1.0, "britain": 1.0, "sound": 1.0, "ceremoni": 1.0, "rome": 1.0, "nation": 1.0, "would": 0.3010299956639812, "mr": 0.6989700043360189, "next": 1.0, "green": 0.6989700043360189, "rest": 1.0, "hold": 1.0, "voter": 1.0, "refus": 1.0, "part": 0.6989700043360189, "argu": 1.0, "second": 0.6989700043360189, "surplu": 1.0, "job": 0.6989700043360189, "produc": 0.6989700043360189, "mani": 1.0, "rapid": 1.0, "china": 1.0, "taxat": 1.0, "amount": 1.0, "sensit": 1.0, "sore": 1.0, "nine": 0.5228787452803376, "increas": 1.0, "uschina": 1.0, "congressionallymand": 1.0, "sector": 0.6989700043360189, "combin": 0.6989700043360189, "twentyf": 1.0, "confirm": 1.0, "million": 1.0, "257": 1.0, "show": 1.0, "spurt": 1.0, "commerc": 1.0, "state": 0.6989700043360189, "head": 1.0, "pace": 1.0, "loss": 1.0, "ministri": 1.0, "638bn": 1.0, "three": 0.3010299956639812, "often": 1.0, "tuesday": 1.0, "2572": 1.0, "point": 0.6989700043360189, "hundr": 0.3979400086720376, "trade": 0.5228787452803376, "weaken": 1.0, "labourintens": 1.0, "period": 1.0, "currenc": 1.0, "success": 1.0, "yuan": 1.0, "peg": 1.0, "soar": 1.0, "even": 0.5228787452803376, "leapt": 1.0, "chief": 1.0, "export": 1.0, "expans": 1.0, "rebat": 1.0, "rise": 1.0, "420bn": 1.0, "almost": 1.0, "one": 0.3010299956639812, "review": 1.0, "accord": 1.0, "behalf": 1.0, "830": 1.0, "5934bn": 1.0, "panel": 1.0, "administr": 0.6989700043360189, "polit": 1.0, "decemb": 0.6989700043360189, "post": 1.0, "commiss": 1.0, "annual": 0.6989700043360189, "breakneck": 1.0, "311bn": 1.0, "xie": 1.0, "trillion": 1.0, "healthi": 0.6989700043360189, "eightynin": 1.0, "previou": 1.0, "relax": 1.0, "may": 0.5228787452803376, "control": 1.0, "take": 0.5228787452803376, "sixyear": 1.0, "chines": 1.0, "move": 1.0, "releas": 1.0, "report": 0.6989700043360189, "blame": 0.6989700043360189, "econom": 1.0, "evas": 1.0, "dollar": 0.6989700043360189, "figur": 0.6989700043360189, "total": 1.0, "434bn": 1.0, "hitech": 1.0, "354": 1.0, "lawmak": 1.0, "around": 0.6989700043360189, "partner": 1.0, "similar": 1.0, "overal": 1.0, "15": 1.0, "row": 1.0, "washington": 0.6989700043360189, "xuren": 1.0, "final": 0.6989700043360189, "import": 1.0, "continu": 1.0, "124bn": 1.0, "industri": 1.0, "high": 0.6989700043360189, "growth": 0.6989700043360189, "top": 1.0, "join": 1.0, "tax": 1.0, "acceler": 1.0, "disappear": 1.0, "revenu": 0.6989700043360189, "150bn": 1.0, "deficit": 1.0, "tighten": 1.0, "165bn": 1.0, "costum": 1.0, "eightysix": 1.0, "actor": 1.0, "open": 1.0, "launderett": 1.0, "man": 1.0, "thoma": 1.0, "histor": 1.0, "room": 1.0, "fifteen": 0.5228787452803376, "scorses": 1.0,